row_id,root_id,winner,tournament,score,year,id
"1","1","Stan Wawrinka","Australian Open","6-3, 6-2, 3-6, 6-3","2014","1"
"2","1","Novak Djokovic","Australian Open","6-7(2), 7-6(3), 6-3, 6-2","2013","2"
"3","1","Novak Djokovic","Australian Open","5-7, 6-4, 6-2, 6-7(5), 7-5","2012","3"
"4","1","Novak Djokovic","Australian Open","6-4, 6-2, 6-3","2011","4"
"5","1","Roger Federer","Australian Open","6-3, 6-4, 7-6(11)","2010","5"
"6","1","Rafael Nadal","Australian Open","7-5, 3-6, 7-6(3), 3-6, 6-2","2009","6"
"7","1","Novak Djokovic","Australian Open","4-6, 6-4, 6-3, 7-6(2)","2008","7"
"8","1","Roger Federer","Australian Open","7-6(2), 6-4, 6-4","2007","8"
"9","1","Roger Federer","Australian Open","5-7, 7-5, 6-0, 6-2","2006","9"
"10","1","Marat Safin","Australian Open","1-6, 6-3, 6-4, 6-4","2005","10"
"11","1","Roger Federer","Australian Open","7-6(3), 6-4, 6-2","2004","11"
"12","1","Andre Agassi","Australian Open","6-2, 6-2, 6-1","2003","12"
"13","1","Thomas Johansson","Australian Open","3-6, 6-4, 6-4, 7-6(4)","2002","13"
"14","1","Andre Agassi","Australian Open","6-4, 6-2, 6-2","2001","14"
"15","1","Andre Agassi","Australian Open","3-6, 6-3, 6-2, 6-4","2000","15"
