row_id,root_id,winner,tournament,score,year,id
"1","1","Rafael Nadal","Roland Garros","3-6, 7-5, 6-2, 6-4","2014","1"
"2","1","Rafael Nadal","Roland Garros","6-3, 6-2, 6-3","2013","2"
"3","1","Rafael Nadal","Roland Garros","6-4, 6-3, 2-6, 7-5","2012","3"
"4","1","Rafael Nadal","Roland Garros","7-5, 7-6(3), 5-7, 6-1","2011","4"
"5","1","Rafael Nadal","Roland Garros","6-4, 6-2, 6-4","2010","5"
"6","1","Roger Federer","Roland Garros","6-1, 7-6(1), 6-4","2009","6"
"7","1","Rafael Nadal","Roland Garros","6-1, 6-3, 6-0","2008","7"
"8","1","Rafael Nadal","Roland Garros","6-3, 4-6, 6-3, 6-4","2007","8"
"9","1","Rafael Nadal","Roland Garros","1-6, 6-1, 6-4, 7-6(4)","2006","9"
"10","1","Rafael Nadal","Roland Garros","6-7(6), 6-3, 6-1, 7-5","2005","10"
"11","1","Gaston Gaudio","Roland Garros","0-6, 3-6, 6-4, 6-1, 8-6","2004","11"
"12","1","Juan Carlos Ferrero","Roland Garros","6-1, 6-3, 6-2","2003","12"
"13","1","Albert Costa","Roland Garros","6-1, 6-0, 4-6, 6-3","2002","13"
"14","1","Gustavo Kuerten","Roland Garros","6-7(3), 7-5, 6-2, 6-0","2001","14"
"15","1","Gustavo Kuerten","Roland Garros","6-2, 6-3, 2-6, 7-6(6)","2000","15"
