row_id,root_id,winner,tournament,score,year,id
"1","1","Novak Djokovic","Wimbledon","6-7(7), 6-4, 7-6(4), 5-7, 6-4","2014","1"
"2","1","Andy Murray","Wimbledon","6-4, 7-5, 6-4","2013","2"
"3","1","Roger Federer","Wimbledon","4-6, 7-5, 6-3, 6-4","2012","3"
"4","1","Novak Djokovic","Wimbledon","6-4, 6-1, 1-6, 6-3","2011","4"
"5","1","Rafael Nadal","Wimbledon","6-3, 7-5, 6-4","2010","5"
"6","1","Roger Federer","Wimbledon","5-7, 7-6(6), 7-6(5), 3-6, 16-14","2009","6"
"7","1","Rafael Nadal","Wimbledon","6-4, 6-4, 6-7(5), 6-7(8), 9-7","2008","7"
"8","1","Roger Federer","Wimbledon","7-6(7), 4-6, 7-6(3), 2-6, 6-2","2007","8"
"9","1","Roger Federer","Wimbledon","6-0, 7-6(5), 6-7(2), 6-3","2006","9"
"10","1","Roger Federer","Wimbledon","6-2, 7-6(2), 6-4","2005","10"
"11","1","Roger Federer","Wimbledon","4-6, 7-5, 7-6(3), 6-4","2004","11"
"12","1","Roger Federer","Wimbledon","7-6(5), 6-2, 7-6(3)","2003","12"
"13","1","Lleyton Hewitt","Wimbledon","6-1, 6-3, 6-2","2002","13"
"14","1","Goran Ivanisevic","Wimbledon","6-3, 3-6, 6-3, 2-6, 9-7","2001","14"
"15","1","Pete Sampras","Wimbledon","6-7(10), 7-6(5), 6-4, 6-2","2000","15"
